

/*
INSERT INTO "hck"."volunteers"("id","firstname","lastname","dob","oib","gender","addressofliving","placeoflivingid","placeofvolunteeringid","phone","email","icename","icephone","consentprocesspersonaldata","householdelderly","householdpregnantwomen","pregnantwoman","householdchild","householdchronicpatient","healthfine","healthdetails","availabilityhoursweekly","availabilitydetails","criminalrecord","note","backgroundcheckneeded","backgroundcheckpassed","datetimeentry","datetimelastupdate")
VALUES
(1,E'Karlo',E'Test',NULL,NULL,NULL,NULL,NULL,NULL,NULL,NULL,NULL,NULL,NULL,NULL,NULL,NULL,NULL,NULL,NULL,NULL,0,NULL,NULL,NULL,NULL,NULL,E'2020-04-18 15:20:40.291311+00',NULL),
(2,E'Tihomir',E'Test',E'1999-03-10',NULL,E'M',NULL,2,2,NULL,NULL,NULL,NULL,NULL,NULL,NULL,NULL,NULL,NULL,NULL,NULL,0,NULL,NULL,NULL,NULL,NULL,E'2020-04-18 15:49:36.693434+00',NULL);
*/



----

INSERT INTO "hck"."hcksociety"("id","name","type","ordernum")
VALUES
(1,E'Beli Manastir',E'gradsko',2),
(2,E'Benkovac',E'gradsko',3),
(3,E'Biograd na moru',E'gradsko',4),
(4,E'Bjelovar',E'gradsko',5),
(5,E'Buje',E'gradsko',6),
(6,E'Buzet',E'gradsko',7),
(7,E'Crikvenica',E'gradsko',8),
(8,E'Čabar',E'gradsko',9),
(9,E'Čakovec',E'gradsko',10),
(10,E'Čazma',E'gradsko',11),
(11,E'Darda',E'gradsko',12),
(12,E'Daruvar',E'gradsko',13),
(13,E'Delnice',E'gradsko',14),
(14,E'Donja Stubica',E'gradsko',15),
(15,E'Donji Lapac',E'gradsko',16),
(16,E'Donji Miholjac',E'gradsko',17),
(17,E'Drniš',E'gradsko',18),
(18,E'Dubrovnik',E'gradsko',19),
(19,E'Duga Resa',E'gradsko',20),
(20,E'Dugo Selo',E'gradsko',21),
(21,E'Dvor',E'gradsko',22),
(22,E'Đakovo',E'gradsko',23),
(23,E'Đurđevac',E'gradsko',24),
(24,E'Garešnica',E'gradsko',25),
(25,E'Glina',E'gradsko',26),
(26,E'Gospić',E'gradsko',27),
(27,E'Gračac',E'gradsko',28),
(28,E'Grad Zagreb',E'gradsko',29),
(29,E'Grubišno Polje',E'gradsko',30),
(30,E'Gvozd',E'gradsko',31),
(31,E'Hrvatska Kostajnica',E'gradsko',32),
(32,E'Hvar',E'gradsko',33),
(33,E'Ilok',E'gradsko',34),
(34,E'Imotski',E'gradsko',35),
(35,E'Ivanec',E'gradsko',36),
(36,E'Ivanić-Grad',E'gradsko',37),
(37,E'Jastrebarsko',E'gradsko',38),
(38,E'Karlovac',E'gradsko',39),
(39,E'Kaštela',E'gradsko',40),
(40,E'Klanjec',E'gradsko',41),
(41,E'Knin',E'gradsko',42),
(42,E'Koprivnica',E'gradsko',43),
(43,E'Korčula',E'gradsko',44),
(44,E'Krapina',E'gradsko',45),
(45,E'Križevci',E'gradsko',46),
(46,E'Krk',E'gradsko',47),
(47,E'Kutina',E'gradsko',48),
(48,E'Labin',E'gradsko',49),
(49,E'Ludbreg',E'gradsko',50),
(50,E'Makarska',E'gradsko',51),
(51,E'Mali Lošinj',E'gradsko',52),
(52,E'Metković',E'gradsko',53),
(53,E'Našice',E'gradsko',54),
(54,E'Nova Gradiška',E'gradsko',55),
(55,E'Novi Marof',E'gradsko',56),
(56,E'Novi Vinodolski',E'gradsko',57),
(57,E'Novska',E'gradsko',58),
(58,E'Obrovac',E'gradsko',59),
(59,E'Ogulin',E'gradsko',60),
(60,E'Omiš',E'gradsko',61),
(61,E'Opatija',E'gradsko',62),
(62,E'Orahovica',E'gradsko',63),
(63,E'Osijek',E'gradsko',64),
(64,E'Otočac',E'gradsko',65),
(65,E'Ozalj',E'gradsko',66),
(66,E'Pag',E'gradsko',67),
(67,E'Pakrac',E'gradsko',68),
(68,E'Pazin',E'gradsko',69),
(69,E'Petrinja',E'gradsko',70),
(70,E'Plitvička jezera',E'gradsko',71),
(71,E'Ploče',E'gradsko',72),
(72,E'Poreč',E'gradsko',73),
(73,E'Požega',E'gradsko',74),
(74,E'Pregrada',E'gradsko',75),
(75,E'Pula',E'gradsko',76),
(76,E'Rab',E'gradsko',77),
(77,E'Rijeka',E'gradsko',78),
(78,E'Rovinj',E'gradsko',79),
(79,E'Samobor',E'gradsko',80),
(80,E'Senj',E'gradsko',81),
(81,E'Sinj',E'gradsko',82),
(82,E'Sisak',E'gradsko',83),
(83,E'Slatina',E'gradsko',84),
(84,E'Slavonski Brod',E'gradsko',85),
(85,E'Slunj',E'gradsko',86),
(86,E'Solin',E'gradsko',87),
(87,E'Split',E'gradsko',88),
(88,E'Supetar',E'gradsko',89),
(89,E'Sv. Ivan Zelina',E'gradsko',90),
(90,E'Šibenik',E'gradsko',91),
(91,E'Topusko',E'gradsko',92),
(92,E'Trogir',E'gradsko',93),
(93,E'Valpovo',E'gradsko',94),
(94,E'Varaždin',E'gradsko',95),
(95,E'Velika Gorica',E'gradsko',96),
(96,E'Vinkovci',E'gradsko',97),
(97,E'Virovitica',E'gradsko',98),
(98,E'Vis',E'gradsko',99),
(99,E'Vodice',E'gradsko',100),
(100,E'Vojnić',E'gradsko',101),
(101,E'Vrbovec',E'gradsko',102),
(102,E'Vrbovsko',E'gradsko',103),
(103,E'Vrgorac',E'gradsko',104),
(104,E'Vrlika',E'gradsko',105),
(105,E'Vukovar',E'gradsko',106),
(106,E'Zabok',E'gradsko',107),
(107,E'Zadar',E'gradsko',108),
(108,E'Zaprešić',E'gradsko',109),
(109,E'Zlatar',E'gradsko',110),
(110,E'Županja',E'gradsko',111),
(111,E'Osječko-baranjska',E'županijsko',112),
(112,E'Zadarska',E'županijsko',113),
(113,E'Bjelovarsko-bilogorska',E'županijsko',114),
(114,E'Istarska',E'županijsko',115),
(115,E'Primorsko-goranska',E'županijsko',116),
(116,E'Međimurska',E'županijsko',117),
(117,E'Krapinsko-zagorska',E'županijsko',118),
(118,E'Ličko-senjska',E'županijsko',119),
(119,E'Šibensko-kninska',E'županijsko',120),
(120,E'Dubrovačko-neretvanska',E'županijsko',121),
(121,E'Karlovačka',E'županijsko',122),
(122,E'Zagrebačka',E'županijsko',123),
(123,E'Sisačko-moslavačka',E'županijsko',124),
(124,E'Koprivničko-križevačka',E'županijsko',125),
(125,E'Grad Zagreb',E'županijsko',126),
(126,E'Splitsko-dalmatinska',E'županijsko',127),
(127,E'Vukovarsko-srijemska',E'županijsko',128),
(128,E'Varaždinska',E'županijsko',129),
(129,E'Brodsko-posavska',E'županijsko',130),
(130,E'Virovitičko-podravska',E'županijsko',131),
(131,E'Požeško-slavonska',E'županijsko',132),
(132,E'Nacionalno društvo Hrvatskog Crvenog križa ',E'nacionalno',1);



INSERT INTO "hck"."places"("id","name","county","postcode","hcksocietyid")
VALUES
(1,E'Beli Manastir',E'Osječko-baranjska',31300,1),
(2,E'Draž',E'Osječko-baranjska',31300,1),
(3,E'Čeminac',E'Osječko-baranjska',31300,1),
(4,E'Kneževi Vinogradi',E'Osječko-baranjska',31300,1),
(5,E'Popovac',E'Osječko-baranjska',31300,1),
(6,E'Petlovac',E'Osječko-baranjska',31300,1),
(7,E'Jagodnjak',E'Osječko-baranjska',31300,1),
(8,E'Benkovac',E'Zadarska',23420,2),
(9,E'Polača',E'Zadarska',22300,2),
(10,E'Stankovci',E'Zadarska',23422,2),
(11,E'Lišane Ostrovičke',E'Zadarska',23420,2),
(12,E'Biograd na moru',E'Zadarska',23210,3),
(13,E'Sveti Filip i Jakov',E'Zadarska',23210,3),
(14,E'Pakoštane',E'Zadarska',23210,3),
(15,E'Pašman',E'Zadarska',23212,3),
(16,E'Tkon',E'Zadarska',23212,3),
(17,E'Bjelovar',E'Bjelovarsko-bilogorska',43000,4),
(18,E'Kapela',E'Bjelovarsko-bilogorska',43000,4),
(19,E'Nova Rača',E'Bjelovarsko-bilogorska',43270,4),
(20,E'Rovišće',E'Bjelovarsko-bilogorska',43000,4),
(21,E'Severin',E'Bjelovarsko-bilogorska',43000,4),
(22,E'Šandrovac',E'Bjelovarsko-bilogorska',43000,4),
(23,E'Velika Pisanica',E'Bjelovarsko-bilogorska',43270,4),
(24,E'Veliko Trojstvo',E'Bjelovarsko-bilogorska',43000,4),
(25,E'Zrinski Topolovac',E'Bjelovarsko-bilogorska',43000,4),
(26,E'Buje - Buie',E'Istarska',52460,5),
(27,E'Novigrad - Cittanova',E'Istarska',52466,5),
(28,E'Umag - Umago',E'Istarska',52470,5),
(29,E'Brtonigla - Verteneglio',E'Istarska',52466,5),
(30,E'Grožnjan - Grisignana',E'Istarska',52460,5),
(31,E'Oprtalj - Portole',E'Istarska',52460,5),
(32,E'Buzet',E'Istarska',52420,6),
(33,E'Lanišće',E'Istarska',10450,6),
(34,E'Crikvenica',E'Primorsko-goranska',51260,7),
(35,E'Čabar',E'Primorsko-goranska',51306,8),
(36,E'Čakovec',E'Međimurska',40000,9),
(37,E'Belica',E'Međimurska',40000,9),
(38,E'Dekanovec',E'Međimurska',40000,9),
(39,E'Domašinec',E'Međimurska',40000,9),
(40,E'Donja Dubrava',E'Međimurska',40320,9),
(41,E'Donji Kraljevec',E'Međimurska',40320,9),
(42,E'Donji Vidovec',E'Međimurska',40320,9),
(43,E'Goričan',E'Međimurska',40320,9),
(44,E'Gornji Mihaljevec',E'Međimurska',40000,9),
(45,E'Kotoriba',E'Međimurska',40320,9),
(46,E'Mala Subotica',E'Međimurska',40000,9),
(47,E'Nedelišće',E'Međimurska',40000,9),
(48,E'Orehovica',E'Međimurska',40000,9),
(49,E'Podturen',E'Međimurska',40000,9),
(50,E'Pribislavec',E'Međimurska',40000,9),
(51,E'Selnica',E'Međimurska',40313,9),
(52,E'Strahoninec',E'Međimurska',40000,9),
(53,E'Sveta Marija',E'Međimurska',40320,9),
(54,E'Sveti Juraj na Bregu',E'Međimurska',40000,9),
(55,E'Sveti Martin na Muri',E'Međimurska',40313,9),
(56,E'Šenkovec',E'Međimurska',10292,9),
(57,E'Štrigova',E'Međimurska',40313,9),
(58,E'Vratišinec',E'Međimurska',40315,9),
(59,E'Čazma',E'Bjelovarsko-bilogorska',43240,10),
(60,E'Štefanje',E'Bjelovarsko-bilogorska',43240,10),
(61,E'Ivanska',E'Bjelovarsko-bilogorska',43000,10),
(62,E'Darda',E'Osječko-baranjska',31326,11),
(63,E'Bilje',E'Osječko-baranjska',31000,11),
(64,E'Daruvar',E'Bjelovarsko-bilogorska',43500,12),
(65,E'Dežanovac',E'Bjelovarsko-bilogorska',43500,12),
(66,E'Đulovac',E'Bjelovarsko-bilogorska',43500,12),
(67,E'Končanica',E'Bjelovarsko-bilogorska',43500,12),
(68,E'Sirač',E'Bjelovarsko-bilogorska',43500,12),
(69,E'Delnice',E'Primorsko-goranska',51300,13),
(70,E'Mrkopalj',E'Primorsko-goranska',51300,13),
(71,E'Fužine',E'Primorsko-goranska',51300,13),
(72,E'Lokve',E'Primorsko-goranska',51300,13),
(73,E'Brod Moravice',E'Primorsko-goranska',51326,13),
(74,E'Skrad',E'Primorsko-goranska',51300,13),
(75,E'Ravna Gora',E'Primorsko-goranska',51300,13),
(76,E'Donja Stubica',E'Krapinsko-zagorska',49240,14),
(77,E'Oroslavje',E'Krapinsko-zagorska',49243,14),
(78,E'Marija Bistrica',E'Krapinsko-zagorska',49246,14),
(79,E'Gornja Stubica',E'Krapinsko-zagorska',49240,14),
(80,E'Stubičke Toplice',E'Krapinsko-zagorska',49240,14),
(81,E'Donji Lapac',E'Ličko-senjska',53250,15),
(82,E'Donji Miholjac',E'Osječko-baranjska',31540,16),
(83,E'Marijanci',E'Osječko-baranjska',31551,16),
(84,E'Viljevo',E'Osječko-baranjska',31540,16),
(85,E'Magadenovac',E'Osječko-baranjska',31540,16),
(86,E'Podravska Moslavina',E'Osječko-baranjska',31540,16),
(87,E'Drniš',E'Šibensko-kninska',22320,17),
(88,E'Promina',E'Šibensko-kninska',22320,17),
(89,E'Ružić',E'Šibensko-kninska',22320,17),
(90,E'Unešić',E'Šibensko-kninska',22323,17),
(91,E'Dubrovnik',E'Dubrovačko-neretvanska',20000,18),
(92,E'Župa Dubrovačka',E'Dubrovačko-neretvanska',20207,18),
(93,E'Konavle',E'Dubrovačko-neretvanska',20210,18),
(94,E'Ston',E'Dubrovačko-neretvanska',20230,18),
(95,E'Janjina',E'Dubrovačko-neretvanska',20246,18),
(96,E'Trpanj',E'Dubrovačko-neretvanska',20240,18),
(97,E'Mljet',E'Dubrovačko-neretvanska',20225,18),
(98,E'Dubrovačko primorje',E'Dubrovačko-neretvanska',20232,18),
(99,E'Duga Resa',E'Karlovačka',47250,19),
(100,E'Netretić',E'Karlovačka',47000,19),
(101,E'Barilović',E'Karlovačka',47250,19),
(102,E'Generalski Stol',E'Karlovačka',47250,19),
(103,E'Bosiljevo',E'Karlovačka',43240,19),
(104,E'Dugo Selo',E'Zagrebačka',10370,20),
(105,E'Brckovljani',E'Zagrebačka',10370,20),
(106,E'Rugvica',E'Zagrebačka',10370,20),
(107,E'Dvor',E'Sisačko-moslavačka',44440,21),
(108,E'Đakovo',E'Osječko-baranjska',31400,22),
(109,E'Drenje',E'Osječko-baranjska',31400,22),
(110,E'Gorjani',E'Osječko-baranjska',31400,22),
(111,E'Levanjska Varoš',E'Osječko-baranjska',31400,22),
(112,E'Strizivojna',E'Osječko-baranjska',31400,22),
(113,E'Semeljci',E'Osječko-baranjska',31400,22),
(114,E'Satnica Đakovačka',E'Osječko-baranjska',31400,22),
(115,E'Punitovci',E'Osječko-baranjska',31400,22),
(116,E'Trnava',E'Osječko-baranjska',31400,22),
(117,E'Viškovci',E'Osječko-baranjska',31400,22),
(118,E'Đurđevac',E'Koprivničko-križevačka',48350,23),
(119,E'Ferdinandovac',E'Koprivničko-križevačka',48350,23),
(120,E'Kalinovac',E'Koprivničko-križevačka',48350,23),
(121,E'Kloštar Podravski',E'Koprivničko-križevačka',48350,23),
(122,E'Podravske Sesvete',E'Koprivničko-križevačka',48350,23),
(123,E'Molve',E'Koprivničko-križevačka',48350,23),
(124,E'Novo Virje',E'Koprivničko-križevačka',48350,23),
(125,E'Virje',E'Koprivničko-križevačka',48350,23),
(126,E'Garešnica',E'Bjelovarsko-bilogorska',43280,24),
(127,E'Berek',E'Bjelovarsko-bilogorska',43000,24),
(128,E'Hercegovac',E'Bjelovarsko-bilogorska',43280,24),
(129,E'Velika Trnovitica',E'Bjelovarsko-bilogorska',43280,24),
(130,E'Glina',E'Sisačko-moslavačka',44400,25),
(131,E'Gospić',E'Ličko-senjska',53000,26),
(132,E'Perušić',E'Ličko-senjska',53202,26),
(133,E'Karlobag',E'Ličko-senjska',53288,26),
(134,E'Lovinac',E'Ličko-senjska',23241,26),
(135,E'Gračac',E'Zadarska',22222,27),
(136,E'Grad Zagreb',E'Grad Zagreb',10000,28),
(137,E'Grubišno Polje',E'Bjelovarsko-bilogorska',43290,29),
(138,E'Veliki Grđevac',E'Bjelovarsko-bilogorska',43270,29),
(139,E'Gvozd',E'Sisačko-moslavačka',44410,30),
(140,E'Hrvatska Kostajnica',E'Sisačko-moslavačka',44430,31),
(141,E'Hrvatska Dubica',E'Sisačko-moslavačka',44430,31),
(142,E'Majur',E'Sisačko-moslavačka',10342,31),
(143,E'Donji Kukuruzari',E'Sisačko-moslavačka',44430,31),
(144,E'Hvar',E'Splitsko-dalmatinska',21450,32),
(145,E'Stari Grad',E'Splitsko-dalmatinska',21460,32),
(146,E'Jelsa',E'Splitsko-dalmatinska',21465,32),
(147,E'Sućuraj',E'Splitsko-dalmatinska',21469,32),
(148,E'Ilok',E'Vukovarsko-srijemska',32236,33),
(149,E'Imotski',E'Splitsko-dalmatinska',21260,34),
(150,E'Runović',E'Splitsko-dalmatinska',21260,34),
(151,E'Zmijavci',E'Splitsko-dalmatinska',21260,34),
(152,E'Podbablje',E'Splitsko-dalmatinska',21262,34),
(153,E'Zagvozd',E'Splitsko-dalmatinska',21270,34),
(154,E'Lokvičići',E'Splitsko-dalmatinska',21260,34),
(155,E'Cista',E'Splitsko-dalmatinska',21256,34),
(156,E'Proložac',E'Splitsko-dalmatinska',21260,34),
(157,E'Ivanec',E'Varaždinska',42240,35),
(158,E'Lepoglava',E'Varaždinska',42250,35),
(159,E'Bednja',E'Varaždinska',42250,35),
(160,E'Maruševec',E'Varaždinska',42243,35),
(161,E'Klenovnik',E'Varaždinska',42240,35),
(162,E'Donja Voća',E'Varaždinska',42240,35),
(163,E'Ivanić-Grad',E'Zagrebačka',10310,36),
(164,E'Kloštar Ivanić',E'Zagrebačka',10310,36),
(165,E'Križ',E'Zagrebačka',10315,36),
(166,E'Jastrebarsko',E'Zagrebačka',10450,37),
(167,E'Klinča Sela',E'Zagrebačka',10450,37),
(168,E'Krašić',E'Zagrebačka',10454,37),
(169,E'Pisarovina',E'Zagrebačka',10451,37),
(170,E'Žumberak',E'Zagrebačka',10454,37),
(171,E'Karlovac',E'Karlovačka',47000,38),
(172,E'Draganić',E'Karlovačka',47000,38),
(173,E'Lasinja',E'Karlovačka',47000,38),
(174,E'Krnjak',E'Karlovačka',47220,38),
(175,E'Kaštela',E'Splitsko-dalmatinska',21214,39),
(176,E'Primorski Dolac',E'Splitsko-dalmatinska',21220,39),
(177,E'Prgomet',E'Splitsko-dalmatinska',21220,39),
(178,E'Lećevica',E'Splitsko-dalmatinska',21204,39),
(179,E'Klanjec',E'Krapinsko-zagorska',49290,40),
(180,E'Tuhelj',E'Krapinsko-zagorska',49290,40),
(181,E'Kumrovec',E'Krapinsko-zagorska',49290,40),
(182,E'Zagorska Sela',E'Krapinsko-zagorska',49290,40),
(183,E'Kraljevec na Sutli',E'Krapinsko-zagorska',49290,40),
(184,E'Knin',E'Šibensko-kninska',22300,41),
(185,E'Biskupija',E'Šibensko-kninska',22300,41),
(186,E'Civljane',E'Šibensko-kninska',22300,41),
(187,E'Ervenik',E'Šibensko-kninska',22300,41),
(188,E'Kijevo',E'Šibensko-kninska',22300,41),
(189,E'Kistanje',E'Šibensko-kninska',22300,41),
(190,E'Koprivnica',E'Koprivničko-križevačka',48000,42),
(191,E'Drnje',E'Koprivničko-križevačka',48316,42),
(192,E'Đelekovec',E'Koprivničko-križevačka',48316,42),
(193,E'Gola',E'Koprivničko-križevačka',48331,42),
(194,E'Hlebine',E'Koprivničko-križevačka',48316,42),
(195,E'Koprivnički Bregi',E'Koprivničko-križevačka',48000,42),
(196,E'Koprivnički Ivanec',E'Koprivničko-križevačka',48000,42),
(197,E'Legrad',E'Koprivničko-križevačka',48316,42),
(198,E'Novigrad Podravski',E'Koprivničko-križevačka',48350,42),
(199,E'Peteranec',E'Koprivničko-križevačka',48316,42),
(200,E'Rasinja',E'Koprivničko-križevačka',48000,42),
(201,E'Sokolovac',E'Koprivničko-križevačka',31300,42),
(202,E'Korčula',E'Dubrovačko-neretvanska',20260,43),
(203,E'Orebić',E'Dubrovačko-neretvanska',20250,43),
(204,E'Lumbarda',E'Dubrovačko-neretvanska',20260,43),
(205,E'Smokvica',E'Dubrovačko-neretvanska',20271,43),
(206,E'Blato',E'Dubrovačko-neretvanska',20225,43),
(207,E'Vela Luka',E'Dubrovačko-neretvanska',20270,43),
(208,E'Krapina',E'Krapinsko-zagorska',49000,44),
(209,E'Đurmanec',E'Krapinsko-zagorska',49225,44),
(210,E'Jesenje',E'Krapinsko-zagorska',49233,44),
(211,E'Petrovsko',E'Krapinsko-zagorska',49000,44),
(212,E'Radoboj',E'Krapinsko-zagorska',49000,44),
(213,E'Križevci',E'Koprivničko-križevačka',48260,45),
(214,E'Kalnik',E'Koprivničko-križevačka',48260,45),
(215,E'Gornja Rijeka',E'Koprivničko-križevačka',48260,45),
(216,E'Sv. Petar Orehovec',E'Koprivničko-križevačka',48260,45),
(217,E'Sv. Ivan Žabno',E'Koprivničko-križevačka',48214,45),
(218,E'Krk',E'Primorsko-goranska',51500,46),
(219,E'Omišalj',E'Primorsko-goranska',51511,46),
(220,E'Malinska',E'Primorsko-goranska',51511,46),
(221,E'Punat',E'Primorsko-goranska',51500,46),
(222,E'Baška',E'Primorsko-goranska',51523,46),
(223,E'Vrbnik',E'Primorsko-goranska',22300,46),
(224,E'Dobrinj',E'Primorsko-goranska',51511,46),
(225,E'Kutina',E'Sisačko-moslavačka',44320,47),
(226,E'Popovača',E'Sisačko-moslavačka',44317,47),
(227,E'Velika Ludina',E'Sisačko-moslavačka',44317,47),
(228,E'Labin',E'Istarska',21220,48),
(229,E'Kršan',E'Istarska',52333,48),
(230,E'Pićan',E'Istarska',52000,48),
(231,E'Raša',E'Istarska',52220,48),
(232,E'Sv. Nedjelja',E'Istarska',52231,48),
(233,E'Ludbreg',E'Varaždinska',42230,49),
(234,E'Sveti Đurđ',E'Varaždinska',42230,49),
(235,E'Martijanec',E'Varaždinska',42230,49),
(236,E'Veliki Bukovec',E'Varaždinska',42230,49),
(237,E'Mali Bukovec',E'Varaždinska',42230,49),
(238,E'Makarska',E'Splitsko-dalmatinska',21300,50),
(239,E'Brela',E'Splitsko-dalmatinska',21320,50),
(240,E'Baška Voda',E'Splitsko-dalmatinska',21320,50),
(241,E'Tučepi',E'Splitsko-dalmatinska',21300,50),
(242,E'Podgora',E'Splitsko-dalmatinska',20232,50),
(243,E'Gradac',E'Splitsko-dalmatinska',21330,50),
(244,E'Mali Lošinj',E'Primorsko-goranska',51550,51),
(245,E'Cres',E'Primorsko-goranska',51557,51),
(246,E'Metković',E'Dubrovačko-neretvanska',20350,52),
(247,E'Opuzen',E'Dubrovačko-neretvanska',20355,52),
(248,E'Kula Norinska',E'Dubrovačko-neretvanska',20350,52),
(249,E'Slivno',E'Dubrovačko-neretvanska',21270,52),
(250,E'Zažablje',E'Dubrovačko-neretvanska',20353,52),
(251,E'Pojezerje',E'Dubrovačko-neretvanska',20342,52),
(252,E'Našice',E'Osječko-baranjska',31500,53),
(253,E'Donja Motičina',E'Osječko-baranjska',31500,53),
(254,E'Đurđenovac',E'Osječko-baranjska',31500,53),
(255,E'Feričanci',E'Osječko-baranjska',31500,53),
(256,E'Koška',E'Osječko-baranjska',31500,53),
(257,E'Podgorač',E'Osječko-baranjska',31500,53),
(258,E'Nova Gradiška',E'Brodsko-posavska',35400,54),
(259,E'Okučani',E'Brodsko-posavska',35430,54),
(260,E'Stara Gradiška',E'Brodsko-posavska',35430,54),
(261,E'Gornji Bogićevci',E'Brodsko-posavska',35430,54),
(262,E'Dragalić',E'Brodsko-posavska',35400,54),
(263,E'Cernik',E'Brodsko-posavska',10454,54),
(264,E'Rešetari',E'Brodsko-posavska',35400,54),
(265,E'Vrbje',E'Brodsko-posavska',35400,54),
(266,E'Staro Petrovo Selo',E'Brodsko-posavska',35420,54),
(267,E'Davor',E'Brodsko-posavska',35400,54),
(268,E'Nova Kapela',E'Brodsko-posavska',10342,54),
(269,E'Novi Marof',E'Varaždinska',42220,55),
(270,E'Varaždinske Toplice',E'Varaždinska',42223,55),
(271,E'Ljubešćica',E'Varaždinska',42220,55),
(272,E'Breznički Hum',E'Varaždinska',42220,55),
(273,E'Breznica',E'Varaždinska',42220,55),
(274,E'Viskovo',E'Varaždinska',42220,55),
(275,E'Novi Vinodolski',E'Primorsko-goranska',51250,56),
(276,E'Vinodolska Općina',E'Primorsko-goranska',51253,56),
(277,E'Novska',E'Sisačko-moslavačka',44330,57),
(278,E'Jasenovac',E'Sisačko-moslavačka',31300,57),
(279,E'Lipovljani',E'Sisačko-moslavačka',44330,57),
(280,E'Obrovac',E'Zadarska',23450,58),
(281,E'Ogulin',E'Karlovačka',47300,59),
(282,E'Josipdol',E'Karlovačka',47300,59),
(283,E'Plaški',E'Karlovačka',47300,59),
(284,E'Saborsko',E'Karlovačka',47300,59),
(285,E'Tounj',E'Karlovačka',47300,59),
(286,E'Omiš',E'Splitsko-dalmatinska',21310,60),
(287,E'Dugi Rat',E'Splitsko-dalmatinska',21315,60),
(288,E'Šestanovac',E'Splitsko-dalmatinska',21250,60),
(289,E'Zadvarje',E'Splitsko-dalmatinska',21250,60),
(290,E'Opatija',E'Primorsko-goranska',51410,61),
(291,E'Lovran',E'Primorsko-goranska',51415,61),
(292,E'Mošćenička Draga',E'Primorsko-goranska',51417,61),
(293,E'Matulji',E'Primorsko-goranska',51211,61),
(294,E'Orahovica',E'Virovitičko-podravska',33515,62),
(295,E'Crnac',E'Virovitičko-podravska',33515,62),
(296,E'Čačinci',E'Virovitičko-podravska',33515,62),
(297,E'Zdenci',E'Virovitičko-podravska',33515,62),
(298,E'Osijek',E'Osječko-baranjska',31000,63),
(299,E'Antunovac',E'Osječko-baranjska',31200,63),
(300,E'Čepin',E'Osječko-baranjska',31431,63),
(301,E'Erdut',E'Osječko-baranjska',31226,63),
(302,E'Ernestinovo',E'Osječko-baranjska',31200,63),
(303,E'Šodolovci',E'Osječko-baranjska',31200,63),
(304,E'Vladislavci',E'Osječko-baranjska',31431,63),
(305,E'Vuka',E'Osječko-baranjska',31431,63),
(306,E'Otočac',E'Ličko-senjska',53220,64),
(307,E'Brinje',E'Ličko-senjska',53260,64),
(308,E'Vrhovine',E'Ličko-senjska',53220,64),
(309,E'Ozalj',E'Karlovačka',47280,65),
(310,E'Kamanje',E'Karlovačka',47280,65),
(311,E'Ribnik',E'Karlovačka',47000,65),
(312,E'Žakanje',E'Karlovačka',47000,65),
(313,E'Pag',E'Zadarska',23250,66),
(314,E'Novalja',E'Zadarska',53291,66),
(315,E'Kolan',E'Zadarska',23250,66),
(316,E'Povljana',E'Zadarska',23250,66),
(317,E'Pakrac',E'Požeško-slavonska',34550,67),
(318,E'Lipik',E'Požeško-slavonska',34550,67),
(319,E'Pazin',E'Istarska',52000,68),
(320,E'Cerovlje',E'Istarska',52000,68),
(321,E'Gračišće',E'Istarska',52000,68),
(322,E'Karojba',E'Istarska',52424,68),
(323,E'Lupoglav',E'Istarska',10370,68),
(324,E'Motovun',E'Istarska',52424,68),
(325,E'Sveti Petar u Šumi',E'Istarska',52341,68),
(326,E'Tinjan',E'Istarska',52000,68),
(327,E'Petrinja',E'Sisačko-moslavačka',44250,69),
(328,E'Plitvička jezera',E'Ličko-senjska',53230,70),
(329,E'Udbina',E'Ličko-senjska',53234,70),
(330,E'Ploče',E'Dubrovačko-neretvanska',20340,71),
(331,E'Poreč',E'Istarska',34340,72),
(332,E'Vrsar',E'Istarska',52450,72),
(333,E'Funtana',E'Istarska',52440,72),
(334,E'Sv. Lovreč',E'Istarska',52440,72),
(335,E'Višnjan',E'Istarska',52440,72),
(336,E'Vižinada',E'Istarska',52440,72),
(337,E'Kaštelir-Labinci',E'Istarska',52464,72),
(338,E'Tar-Vabriga',E'Istarska',52465,72),
(339,E'Požega',E'Požeško-slavonska',34000,73),
(340,E'Pleternica',E'Požeško-slavonska',34310,73),
(341,E'Kutjevo',E'Požeško-slavonska',34340,73),
(342,E'Brestovac',E'Požeško-slavonska',34000,73),
(343,E'Čaglin',E'Požeško-slavonska',34340,73),
(344,E'Kaptol',E'Požeško-slavonska',34000,73),
(345,E'Jakšić',E'Požeško-slavonska',34000,73),
(346,E'Velika',E'Požeško-slavonska',34000,73),
(347,E'Pregrada',E'Krapinsko-zagorska',49218,74),
(348,E'Desinić',E'Krapinsko-zagorska',49216,74),
(349,E'Hum na Sutli',E'Krapinsko-zagorska',49231,74),
(350,E'Pula',E'Istarska',52100,75),
(351,E'Vodnjan',E'Istarska',52100,75),
(352,E'Medulin',E'Istarska',52100,75),
(353,E'Ližnjan',E'Istarska',52100,75),
(354,E'Fažana',E'Istarska',52100,75),
(355,E'Svetvinčenat',E'Istarska',52341,75),
(356,E'Marčana',E'Istarska',52207,75),
(357,E'Barban',E'Istarska',52207,75),
(358,E'Rab',E'Primorsko-goranska',51280,76),
(359,E'Lopar',E'Primorsko-goranska',51280,76),
(360,E'Rijeka',E'Primorsko-goranska',51000,77),
(361,E'Bakar',E'Primorsko-goranska',51262,77),
(362,E'Kastav',E'Primorsko-goranska',51215,77),
(363,E'Kraljevica',E'Primorsko-goranska',51262,77),
(364,E'Čavle',E'Primorsko-goranska',51218,77),
(365,E'Jelenje',E'Primorsko-goranska',51218,77),
(366,E'Klana',E'Primorsko-goranska',51217,77),
(367,E'Kostrena',E'Primorsko-goranska',51000,77),
(368,E'Viškovo',E'Primorsko-goranska',51216,77),
(369,E'Rovinj',E'Istarska',52210,78),
(370,E'Žminj',E'Istarska',52341,78),
(371,E'Kanfanar',E'Istarska',52341,78),
(372,E'Bale',E'Istarska',52210,78),
(373,E'Samobor',E'Zagrebačka',10430,79),
(374,E'Sveta Nedjelja',E'Zagrebačka',21465,79),
(375,E'Stupnik',E'Zagrebačka',10255,79),
(376,E'Senj',E'Ličko-senjska',52420,80),
(377,E'Sinj',E'Splitsko-dalmatinska',21230,81),
(378,E'Trilj',E'Splitsko-dalmatinska',21240,81),
(379,E'Hrvace',E'Splitsko-dalmatinska',21233,81),
(380,E'Otok',E'Splitsko-dalmatinska',20355,81),
(381,E'Dicmo',E'Splitsko-dalmatinska',21232,81),
(382,E'Sisak',E'Sisačko-moslavačka',44000,82),
(383,E'Sunja',E'Sisačko-moslavačka',44210,82),
(384,E'Martinska Ves',E'Sisačko-moslavačka',10340,82),
(385,E'Lekenik',E'Sisačko-moslavačka',44250,82),
(386,E'Slatina',E'Virovitičko-podravska',10340,83),
(387,E'Mikleuš',E'Virovitičko-podravska',33515,83),
(388,E'Voćin',E'Virovitičko-podravska',33520,83),
(389,E'N. Bukovica',E'Virovitičko-podravska',33520,83),
(390,E'Čađavica',E'Virovitičko-podravska',33520,83),
(391,E'Sopje',E'Virovitičko-podravska',33520,83),
(392,E'Slavonski Brod',E'Brodsko-posavska',35000,84),
(393,E'Bukovlje',E'Brodsko-posavska',35000,84),
(394,E'Brodski Stupnik',E'Brodsko-posavska',35252,84),
(395,E'Bebrina',E'Brodsko-posavska',35000,84),
(396,E'Donji Andrijevci',E'Brodsko-posavska',35214,84),
(397,E'Garčin',E'Brodsko-posavska',35212,84),
(398,E'Gornja Vrba',E'Brodsko-posavska',35000,84),
(399,E'Gundinci',E'Brodsko-posavska',35222,84),
(400,E'Klakar',E'Brodsko-posavska',35000,84),
(401,E'Oprisavci',E'Brodsko-posavska',35212,84),
(402,E'Oriovac',E'Brodsko-posavska',35250,84),
(403,E'Podcrkavlje',E'Brodsko-posavska',35000,84),
(404,E'Sibinj',E'Brodsko-posavska',35252,84),
(405,E'Sikirevci',E'Brodsko-posavska',35222,84),
(406,E'Slavonski Šamac',E'Brodsko-posavska',35220,84),
(407,E'Velika Kopanica',E'Brodsko-posavska',35214,84),
(408,E'Vrpolje',E'Brodsko-posavska',21240,84),
(409,E'Slunj',E'Karlovačka',47240,85),
(410,E'Cetingrad',E'Karlovačka',47240,85),
(411,E'Rakovica',E'Karlovačka',47240,85),
(412,E'Solin',E'Splitsko-dalmatinska',21210,86),
(413,E'Klis',E'Splitsko-dalmatinska',21204,86),
(414,E'Dugopolje',E'Splitsko-dalmatinska',21204,86),
(415,E'Muć',E'Splitsko-dalmatinska',21247,86),
(416,E'Split',E'Splitsko-dalmatinska',21000,87),
(417,E'Šolta',E'Splitsko-dalmatinska',21430,87),
(418,E'Podstrana',E'Splitsko-dalmatinska',21312,87),
(419,E'Supetar',E'Splitsko-dalmatinska',21400,88),
(420,E'Bol',E'Splitsko-dalmatinska',21420,88),
(421,E'Nerežišća',E'Splitsko-dalmatinska',21400,88),
(422,E'Milna',E'Splitsko-dalmatinska',21405,88),
(423,E'Sutivan',E'Splitsko-dalmatinska',21400,88),
(424,E'Postira',E'Splitsko-dalmatinska',21400,88),
(425,E'Pućišća',E'Splitsko-dalmatinska',21412,88),
(426,E'Selca',E'Splitsko-dalmatinska',21425,88),
(427,E'Sv. Ivan Zelina',E'Zagrebačka',10380,89),
(428,E'Bedenica',E'Zagrebačka',10380,89),
(429,E'Šibenik',E'Šibensko-kninska',22000,90),
(430,E'Skradin',E'Šibensko-kninska',22222,90),
(431,E'Primošten',E'Šibensko-kninska',22202,90),
(432,E'Rogoznica',E'Šibensko-kninska',22202,90),
(433,E'Tribunj',E'Šibensko-kninska',22211,90),
(434,E'Pirovac',E'Šibensko-kninska',22213,90),
(435,E'Murter-Kornati',E'Šibensko-kninska',22244,90),
(436,E'Tisno',E'Šibensko-kninska',22240,90),
(437,E'Tribunj',E'Šibensko-kninska',22211,90),
(438,E'Topusko',E'Sisačko-moslavačka',44400,91),
(439,E'Trogir',E'Splitsko-dalmatinska',21220,92),
(440,E'Okrug',E'Splitsko-dalmatinska',21223,92),
(441,E'Seget',E'Splitsko-dalmatinska',21220,92),
(442,E'Marina',E'Splitsko-dalmatinska',21222,92),
(443,E'Valpovo',E'Osječko-baranjska',31550,93),
(444,E'Belišće',E'Osječko-baranjska',31551,93),
(445,E'Bizovac',E'Osječko-baranjska',31550,93),
(446,E'Petrijevci',E'Osječko-baranjska',31550,93),
(447,E'Varaždin',E'Varaždinska',42000,94),
(448,E'Cestica',E'Varaždinska',42208,94),
(449,E'Sračinec',E'Varaždinska',42000,94),
(450,E'Petrijanec',E'Varaždinska',42208,94),
(451,E'Vidovec',E'Varaždinska',42000,94),
(452,E'G. Kneginec',E'Varaždinska',42204,94),
(453,E'Beretinec',E'Varaždinska',42204,94),
(454,E'Sv. Ilija',E'Varaždinska',42204,94),
(455,E'Trnovec',E'Varaždinska',40000,94),
(456,E'Jalžabet',E'Varaždinska',42202,94),
(457,E'Vinica',E'Varaždinska',42243,94),
(458,E'Velika Gorica',E'Zagrebačka',10410,95),
(459,E'Pokupsko',E'Zagrebačka',10414,95),
(460,E'Kravarsko',E'Zagrebačka',10413,95),
(461,E'Orle',E'Zagrebačka',10410,95),
(462,E'Vinkovci',E'Vukovarsko-srijemska',32100,96),
(463,E'Otok',E'Vukovarsko-srijemska',20355,96),
(464,E'Andrijaševci',E'Vukovarsko-srijemska',32100,96),
(465,E'Ivankovo',E'Vukovarsko-srijemska',32100,96),
(466,E'Jarmina',E'Vukovarsko-srijemska',32100,96),
(467,E'Markušica',E'Vukovarsko-srijemska',32100,96),
(468,E'Nijemci',E'Vukovarsko-srijemska',32252,96),
(469,E'Nuštar',E'Vukovarsko-srijemska',32100,96),
(470,E'Privlaka',E'Vukovarsko-srijemska',23233,96),
(471,E'Stari Jankovci',E'Vukovarsko-srijemska',32242,96),
(472,E'Stari Mikanovci',E'Vukovarsko-srijemska',32284,96),
(473,E'Tordinci',E'Vukovarsko-srijemska',32100,96),
(474,E'Vođinci',E'Vukovarsko-srijemska',32284,96),
(475,E'Virovitica',E'Virovitičko-podravska',33000,97),
(476,E'Pitomača',E'Virovitičko-podravska',33405,97),
(477,E'Lukač',E'Virovitičko-podravska',33000,97),
(478,E'Suhopolje',E'Virovitičko-podravska',33410,97),
(479,E'Špišić Bukovica',E'Virovitičko-podravska',33000,97),
(480,E'Gradina',E'Virovitičko-podravska',22222,97),
(481,E'Vis',E'Splitsko-dalmatinska',21480,98),
(482,E'Vodice',E'Šibensko-kninska',22211,99),
(483,E'Vojnić',E'Karlovačka',47220,100),
(484,E'Vrbovec',E'Zagrebačka',10340,101),
(485,E'Dubrava',E'Zagrebačka',10342,101),
(486,E'Gradec',E'Zagrebačka',10340,101),
(487,E'Farkaševac',E'Zagrebačka',10342,101),
(488,E'Rakovec',E'Zagrebačka',10340,101),
(489,E'Preseka',E'Zagrebačka',10340,101),
(490,E'Vrbovsko',E'Primorsko-goranska',51326,102),
(491,E'Vrgorac',E'Splitsko-dalmatinska',21276,103),
(492,E'Vrlika',E'Splitsko-dalmatinska',21236,104),
(493,E'Vukovar',E'Vukovarsko-srijemska',32000,105),
(494,E'Bogdanovci',E'Vukovarsko-srijemska',32000,105),
(495,E'Borovo',E'Vukovarsko-srijemska',32000,105),
(496,E'Lovas',E'Vukovarsko-srijemska',32236,105),
(497,E'Negoslavci',E'Vukovarsko-srijemska',32000,105),
(498,E'Tompojevci',E'Vukovarsko-srijemska',32242,105),
(499,E'Tovarnik',E'Vukovarsko-srijemska',32249,105),
(500,E'Trpinja',E'Vukovarsko-srijemska',32000,105),
(501,E'Zabok',E'Krapinsko-zagorska',49210,106),
(502,E'Bedekovčina',E'Krapinsko-zagorska',49221,106),
(503,E'Krapinske Toplice',E'Krapinsko-zagorska',49217,106),
(504,E'Sv. Križ Začretje',E'Krapinsko-zagorska',49223,106),
(505,E'Veliko Trgovišće',E'Krapinsko-zagorska',49210,106),
(506,E'Zadar',E'Zadarska',23000,107),
(507,E'Nin',E'Zadarska',23232,107),
(508,E'Starigrad',E'Zadarska',23244,107),
(509,E'Posedarje',E'Zadarska',23242,107),
(510,E'Novigrad',E'Zadarska',23312,107),
(511,E'Poličnik',E'Zadarska',23241,107),
(512,E'Škabrnja',E'Zadarska',23223,107),
(513,E'Zemunik',E'Zadarska',23222,107),
(514,E'Galovac',E'Zadarska',23222,107),
(515,E'Sukošan',E'Zadarska',23206,107),
(516,E'Bibinje',E'Zadarska',23205,107),
(517,E'Kukljica',E'Zadarska',23271,107),
(518,E'Preko',E'Zadarska',23273,107),
(519,E'Sali',E'Zadarska',23281,107),
(520,E'Kali',E'Zadarska',23273,107),
(521,E'Ražanac',E'Zadarska',23248,107),
(522,E'Privlaka',E'Zadarska',23233,107),
(523,E'Vir',E'Zadarska',23234,107),
(524,E'Vrsi',E'Zadarska',23235,107),
(525,E'Zaprešić',E'Zagrebačka',10290,108),
(526,E'Bistra',E'Zagrebačka',10298,108),
(527,E'Brdovec',E'Zagrebačka',10291,108),
(528,E'Dubravica',E'Zagrebačka',10292,108),
(529,E'Jakovlje',E'Zagrebačka',10297,108),
(530,E'Luka',E'Zagrebačka',10297,108),
(531,E'Marija Gorica',E'Zagrebačka',10291,108),
(532,E'Pušća',E'Zagrebačka',49290,108),
(533,E'Zlatar',E'Krapinsko-zagorska',49250,109),
(534,E'Budinščina',E'Krapinsko-zagorska',49284,109),
(535,E'Hraščina',E'Krapinsko-zagorska',49283,109),
(536,E'Konjščina',E'Krapinsko-zagorska',49282,109),
(537,E'Lobor',E'Krapinsko-zagorska',49250,109),
(538,E'Mače',E'Krapinsko-zagorska',49250,109),
(539,E'Mihovljan',E'Krapinsko-zagorska',40000,109),
(540,E'Novi Golubovec',E'Krapinsko-zagorska',49252,109),
(541,E'Zlatar Bistrica',E'Krapinsko-zagorska',49247,109),
(542,E'Županja',E'Vukovarsko-srijemska',32270,110),
(543,E'Babina Greda',E'Vukovarsko-srijemska',32270,110),
(544,E'Bošnjaci',E'Vukovarsko-srijemska',32270,110),
(545,E'Cerna',E'Vukovarsko-srijemska',32272,110),
(546,E'Drenovci',E'Vukovarsko-srijemska',32257,110),
(547,E'Gradište',E'Vukovarsko-srijemska',32272,110),
(548,E'Gunja',E'Vukovarsko-srijemska',32257,110),
(549,E'Štitar',E'Vukovarsko-srijemska',32270,110),
(550,E'Vrbanja',E'Vukovarsko-srijemska',32257,110),
(551,E'Zagrebačka županija',E'Zagrebačka-županija',10000,122);




INSERT INTO "hck"."skillgroups"("id","name","ordernum")
VALUES
(1,E'Strani jezici',NULL),
(2,E'Pilotska dozvola',NULL),
(3,E'Programski jezici',NULL),
(4,E'Upravljanje plovilima',NULL),
(5,E'Upravljanje radnim strojevima',NULL),
(6,E'Specijalistička znanja',NULL),
(7,E'Programski paketi',NULL),
(8,E'Vozačka dozvola',NULL);


INSERT INTO "hck"."skills"("id","name","ordernum","groupid")
VALUES
(1,E'Izviđač',NULL,6),
(2,E'Gorski vodič',NULL,6),
(3,E'GPS',NULL,6),
(4,E'GSS',NULL,6),
(5,E'Planinarenje',NULL,6),
(6,E'Prometna jedinica',NULL,6),
(7,E'Ribolovac',NULL,6),
(8,E'Traganje i spašavanje more / kopno',NULL,6),
(9,E'Vodič pasa',NULL,6),
(10,E'Radioamater',NULL,6),
(11,E'Prva pomoć',NULL,6),
(12,E'Projektni menadžment',NULL,6),
(13,E'Istraživanje tržišta',NULL,6),
(14,E'Procjena situacije',NULL,6),
(15,E'A',NULL,8),
(16,E'A1',NULL,8),
(17,E'A2',NULL,8),
(18,E'AM',NULL,8),
(19,E'B',NULL,8),
(20,E'BE',NULL,8),
(21,E'C',NULL,8),
(22,E'C1',NULL,8),
(23,E'C1E',NULL,8),
(24,E'CE',NULL,8),
(25,E'D',NULL,8),
(26,E'D1',NULL,8),
(27,E'D1E',NULL,8),
(28,E'DE',NULL,8),
(29,E'F',NULL,8),
(30,E'G',NULL,8),
(31,E'H',NULL,8),
(32,E'LAPL',NULL,2),
(33,E'PPL',NULL,2),
(34,E'CPL',NULL,2),
(35,E'ATPL',NULL,2),
(36,E'Voditelj brodice kategorije B',NULL,4),
(37,E'Voditelj brodice kategorije C',NULL,4),
(38,E'Voditelj jahte kategorije A',NULL,4),
(39,E'Voditelj jahte kategorije B',NULL,4),
(40,E'Bager',NULL,5),
(41,E'Utovarivač',NULL,5),
(42,E'Dozer',NULL,5),
(43,E'Građevinska kombinirka',NULL,5),
(44,E'Strugač',NULL,5),
(45,E'Rovokopač',NULL,5),
(46,E'Traktor',NULL,5),
(47,E'Damper',NULL,5),
(48,E'Rudarski kamion',NULL,5),
(49,E'Kran',NULL,5),
(50,E'Autodizalica',NULL,5),
(51,E'Kompaktor',NULL,5),
(52,E'Valjak',NULL,5),
(53,E'Automješalica',NULL,5),
(54,E'Stroj za asfaltiranje',NULL,5),
(55,E'Kombajn',NULL,5),
(56,E'Valjak',NULL,5),
(57,E'Kosilica',NULL,5),
(58,E'Pročiščivač  vode',NULL,5),
(59,E'3D printer',NULL,5),
(60,E'CNC strojevi',NULL,5),
(61,E'albanski',NULL,1),
(62,E'arapski (alžirski)',NULL,1),
(63,E'arapski (egipatski)',NULL,1),
(64,E'awadhi',NULL,1),
(65,E'azerbejdžanski (južni)',NULL,1),
(66,E'bengalski',NULL,1),
(67,E'bugarski',NULL,1),
(68,E'burmanski',NULL,1),
(69,E'danski',NULL,1),
(70,E'finski',NULL,1),
(71,E'flamanski',NULL,1),
(72,E'francuski',NULL,1),
(73,E'gan (kineski)',NULL,1),
(74,E'grčki',NULL,1),
(75,E'gudžaratski',NULL,1),
(76,E'hakka (kineski)',NULL,1),
(77,E'hausa',NULL,1),
(78,E'hebrejski',NULL,1),
(79,E'hindi',NULL,1),
(80,E'japanski',NULL,1),
(81,E'javanski',NULL,1),
(82,E'jinyu (kineski)',NULL,1),
(83,E'kannada',NULL,1),
(84,E'kantonski (kineski)',NULL,1),
(85,E'korejski',NULL,1),
(86,E'mađarski',NULL,1),
(87,E'maithili',NULL,1),
(88,E'makedonski',NULL,1),
(89,E'malajalam',NULL,1),
(90,E'mandarinski (kineski)',NULL,1),
(91,E'marathi',NULL,1),
(92,E'nhojpuri',NULL,1),
(93,E'nizozemski',NULL,1),
(94,E'norveški',NULL,1),
(95,E'njemački',NULL,1),
(96,E'oriya',NULL,1),
(97,E'pendžabski (zapadni)',NULL,1),
(98,E'perzijski (zapadni)',NULL,1),
(99,E'poljski',NULL,1),
(100,E'portugalski',NULL,1),
(101,E'retoromanski',NULL,1),
(102,E'rumunjski',NULL,1),
(103,E'ruski',NULL,1),
(104,E'sindhi',NULL,1),
(105,E'slovenski',NULL,1),
(106,E'sundski',NULL,1),
(107,E'španjolski',NULL,1),
(108,E'švedski',NULL,1),
(109,E'tajlandski',NULL,1),
(110,E'talijanski',NULL,1),
(111,E'tamilski',NULL,1),
(112,E'telugu',NULL,1),
(113,E'turski',NULL,1),
(114,E'urdu',NULL,1),
(115,E'vijetnamski',NULL,1),
(116,E'wu',NULL,1),
(117,E'xiang (kineski)',NULL,1),
(118,E'yoruba',NULL,1),
(119,E'ActionScript',NULL,3),
(120,E'Apex',NULL,3),
(121,E'ASP.NET',NULL,3),
(122,E'Alpinizam',NULL,6),
(123,E'Civilna zaštita',NULL,6),
(124,E'Psihosocijalna pomoć',NULL,6),
(125,E'Voditelj brodice kategorije A',NULL,4),
(126,E'Viličar',NULL,5),
(127,E'engleski',NULL,1),
(128,E'južnominski (kineski)',NULL,1),
(129,E'pendžabski (istočni)',NULL,1),
(130,E'ukrajinski',NULL,1),
(131,E'Bash',NULL,3),
(132,E'C',NULL,3),
(133,E'C#',NULL,3),
(134,E'C++',NULL,3),
(135,E'Clarion',NULL,3),
(136,E'Clojure',NULL,3),
(137,E'CUDA',NULL,3),
(138,E'Erlang',NULL,3),
(139,E'Go',NULL,3),
(140,E'Haskell',NULL,3),
(141,E'Java',NULL,3),
(142,E'JavaScript',NULL,3),
(143,E'Lua',NULL,3),
(144,E'Mathematica',NULL,3),
(145,E'MATLAB',NULL,3),
(146,E'Maya',NULL,3),
(147,E'Nu',NULL,3),
(148,E'Objective C',NULL,3),
(149,E'Perl',NULL,3),
(150,E'PHP',NULL,3),
(151,E'PL/SQL',NULL,3),
(152,E'Python',NULL,3),
(153,E'R',NULL,3),
(154,E'Ruby',NULL,3),
(155,E'Scala',NULL,3),
(156,E'SQL',NULL,3),
(157,E'Swift',NULL,3),
(158,E'TCL',NULL,3),
(159,E'TeX',NULL,3),
(160,E'VHDL',NULL,3),
(161,E'Visual Basic',NULL,3),
(162,E'Visual Basic .NET',NULL,3),
(163,E'Visual J#',NULL,3),
(164,E'Visual J++',NULL,3),
(165,E'Microsoft Word',NULL,7),
(166,E'Microsoft Excel',NULL,7),
(167,E'Microsoft Powerpoint',NULL,7),
(168,E'Microsoft Visio',NULL,7),
(169,E'Microsoft Access',NULL,7),
(170,E'Microsoft Project',NULL,7),
(171,E'Microsoft Publisher',NULL,7),
(172,E'Adobe Illustrator',NULL,7),
(173,E'Adobe Photoshop',NULL,7),
(174,E'Adobe Dreamweaver',NULL,7),
(175,E'Adobe Flash',NULL,7),
(176,E'Adobe Fireworks',NULL,7),
(177,E'Adobe InDesign',NULL,7),
(178,E'Adobe Lightroom',NULL,7),
(179,E'Adobe Premiere',NULL,7),
(180,E'GIMP',NULL,7),
(181,E'Inkscape',NULL,7),
(182,E'Vensim',NULL,7),
(183,E'Simulink',NULL,7),
(184,E'SAP',NULL,7),
(185,E'Microsoft Dynamics',NULL,7),
(186,E'ARIS',NULL,7);

